{"cameraMode":{"drawMode":0,"name":"Shaded","section":"Shading Mode"},"sceneLighting":false,"audioPlay":false,"sceneViewState":{"m_AlwaysRefresh":false,"showFog":true,"showSkybox":true,"showFlares":true,"showImageEffects":true,"showParticleSystems":true,"showVisualEffectGraphs":true,"m_FxEnabled":true},"in2DMode":false,"pivot":{"x":-1.8681257963180543,"y":0.8793470859527588,"z":-2.1112515926361086},"rotation":{"x":0.10903242975473404,"y":-0.8884389400482178,"z":0.2765280604362488,"w":0.3497244119644165},"size":1.9324889183044434,"orthographic":false}