{"cameraMode":{"drawMode":0,"name":"Shaded","section":"Shading Mode"},"sceneLighting":false,"audioPlay":false,"sceneViewState":{"m_AlwaysRefresh":false,"showFog":true,"showSkybox":true,"showFlares":true,"showImageEffects":true,"showParticleSystems":true,"showVisualEffectGraphs":true,"m_FxEnabled":true},"in2DMode":false,"pivot":{"x":2.1066503524780275,"y":4.772327423095703,"z":1.1923322677612305},"rotation":{"x":-0.02589285373687744,"y":-0.7142266631126404,"z":-0.026687225326895715,"w":0.6989994645118713},"size":0.8660253882408142,"orthographic":false}