{"cameraMode":{"drawMode":0,"name":"Shaded","section":"Shading Mode"},"sceneLighting":false,"audioPlay":false,"sceneViewState":{"m_AlwaysRefresh":false,"showFog":true,"showSkybox":false,"showFlares":true,"showImageEffects":true,"showParticleSystems":true,"showVisualEffectGraphs":true,"m_FxEnabled":false},"in2DMode":false,"pivot":{"x":1.1516205072402955,"y":3.4537758827209474,"z":11.641022682189942},"rotation":{"x":0.0016632648184895516,"y":0.8315379023551941,"z":0.0024966131895780565,"w":-0.5554578900337219},"size":11.191516876220704,"orthographic":true}