{"cameraMode":{"drawMode":0,"name":"Shaded","section":"Shading Mode"},"sceneLighting":false,"audioPlay":false,"sceneViewState":{"m_AlwaysRefresh":false,"showFog":true,"showSkybox":true,"showFlares":true,"showImageEffects":true,"showParticleSystems":true,"showVisualEffectGraphs":true,"m_FxEnabled":true},"in2DMode":false,"pivot":{"x":-0.002854493446648121,"y":-8.363500595092774,"z":-15.788887977600098},"rotation":{"x":0.002000209176912904,"y":0.969085156917572,"z":-0.24673958122730256,"w":0.007868659682571888},"size":11.191516876220704,"orthographic":false}