{"cameraMode":{"drawMode":0,"name":"Shaded","section":"Shading Mode"},"sceneLighting":false,"audioPlay":false,"sceneViewState":{"m_AlwaysRefresh":false,"showFog":true,"showSkybox":true,"showFlares":true,"showImageEffects":true,"showParticleSystems":true,"showVisualEffectGraphs":true,"m_FxEnabled":true},"in2DMode":false,"pivot":{"x":-3.402470350265503,"y":-7.5310750007629398,"z":-8.865324020385743},"rotation":{"x":0.031645964831113818,"y":-0.8764775991439819,"z":0.4769029915332794,"w":0.058194197714328769},"size":11.191516876220704,"orthographic":false}