{"cameraMode":{"drawMode":0,"name":"Shaded","section":"Shading Mode"},"sceneLighting":false,"audioPlay":false,"sceneViewState":{"m_AlwaysRefresh":false,"showFog":true,"showSkybox":false,"showFlares":true,"showImageEffects":true,"showParticleSystems":true,"showVisualEffectGraphs":true,"m_FxEnabled":false},"in2DMode":false,"pivot":{"x":-0.5633239150047302,"y":1.8773767948150635,"z":2.587181568145752},"rotation":{"x":0.0018417173996567727,"y":-0.9978252053260803,"z":0.05783725902438164,"w":0.03173663839697838},"size":3.0634875297546388,"orthographic":true}